{"cameraMode":{"drawMode":0,"name":"Shaded","section":"Shading Mode"},"sceneLighting":true,"audioPlay":false,"sceneViewState":{"m_AlwaysRefresh":false,"showFog":true,"showSkybox":false,"showFlares":true,"showImageEffects":true,"showParticleSystems":true,"showVisualEffectGraphs":true,"m_FxEnabled":true},"in2DMode":false,"pivot":{"x":-0.0050000399351119999,"y":0.14000001549720765,"z":0.8798750042915344},"rotation":{"x":0.040160614997148517,"y":-0.951663613319397,"z":0.26953786611557009,"w":0.14178232848644257},"size":0.9058939218521118,"orthographic":false}