{"cameraMode":{"drawMode":0,"name":"Shaded","section":"Shading Mode"},"sceneLighting":false,"audioPlay":false,"sceneViewState":{"m_AlwaysRefresh":false,"showFog":true,"showSkybox":false,"showFlares":true,"showImageEffects":true,"showParticleSystems":true,"showVisualEffectGraphs":true,"m_FxEnabled":true},"in2DMode":false,"pivot":{"x":2.9802322387695315e-8,"y":0.13991159200668336,"z":0.9450000524520874},"rotation":{"x":-0.09368430078029633,"y":0.7129427790641785,"z":-0.09705998003482819,"w":-0.6881395578384399},"size":1.0148029327392579,"orthographic":false}